City_ID,City,Country,Lat,Lng,Max Temp,Humidity,Cloudiness,Wind Speed,Current Description
0,Clyde River,CA,70.4692,-68.5914,-1.97,84,0,0.0,clear sky
1,Bluff,NZ,-46.6,168.3333,54.23,52,52,5.75,broken clouds
2,Ponta Do Sol,PT,32.6667,-17.1,62.71,81,75,4.21,broken clouds
3,Belaya Gora,RU,68.5333,146.4167,-3.78,92,83,3.09,broken clouds
4,Bandarbeyla,SO,9.4942,50.8122,79.09,82,0,9.84,clear sky
5,Punta Arenas,CL,-53.15,-70.9167,50.11,62,75,24.16,broken clouds
6,Bubaque,GW,11.2833,-15.8333,75.47,73,100,14.7,overcast clouds
7,Provideniya,RU,64.3833,-173.3,23.36,80,100,20.0,light snow
8,Carnarvon,AU,-24.8667,113.6333,73.47,94,100,17.27,overcast clouds
9,Puerto Ayora,EC,-0.7393,-90.3518,74.55,99,100,1.95,overcast clouds
10,Okha,RU,53.5739,142.9478,16.43,80,10,11.92,clear sky
11,Saint-Philippe,RE,-21.3585,55.7679,76.59,84,100,14.85,light rain
12,Vaini,TO,-21.2,-175.2,84.36,84,75,10.36,broken clouds
13,Lebu,CL,-37.6167,-73.65,53.92,79,100,20.24,overcast clouds
14,Hilo,US,19.7297,-155.09,80.26,82,100,6.91,light rain
15,Tiksi,RU,71.6872,128.8694,11.43,91,100,6.8,light snow
16,Lasa,IT,46.6166,10.7002,45.01,97,100,3.58,light rain
17,Tevriz,RU,57.509,72.4042,16.86,99,99,2.19,overcast clouds
18,Jian,CN,27.1172,114.9793,51.91,89,100,13.2,overcast clouds
19,Saldanha,ZA,-33.0117,17.9442,61.14,80,0,17.76,clear sky
20,Rikitea,PF,-23.1203,-134.9692,76.93,70,99,16.82,overcast clouds
21,Ushuaia,AR,-54.8,-68.3,49.66,57,20,11.5,few clouds
22,Airai,TL,-8.9266,125.4092,70.95,53,1,1.19,clear sky
23,Hermanus,ZA,-34.4187,19.2345,62.91,70,95,9.46,overcast clouds
24,Butaritari,KI,3.0707,172.7902,81.5,78,89,16.4,light rain
25,Jamestown,US,42.097,-79.2353,42.53,66,100,16.11,overcast clouds
26,Saskylakh,RU,71.9167,114.0833,9.1,96,100,8.14,overcast clouds
27,San Patricio,US,28.017,-97.5169,71.69,61,93,14.65,overcast clouds
28,Valdivia,CL,-39.8142,-73.2459,48.29,83,100,2.86,overcast clouds
29,Guerrero Negro,MX,27.9769,-114.0611,61.92,68,6,20.24,clear sky
30,San Cristobal,VE,7.7669,-72.225,71.78,80,68,1.48,broken clouds
31,Guangshui,CN,31.6199,113.9978,52.29,64,100,8.23,overcast clouds
32,Kamaishi,JP,39.2667,141.8833,41.09,42,100,12.73,overcast clouds
33,Saint George,US,37.1041,-113.5841,73.63,20,0,13.8,clear sky
34,Khatanga,RU,71.9667,102.5,4.96,98,100,6.33,overcast clouds
35,Tuatapere,NZ,-46.1333,167.6833,56.25,57,58,4.52,broken clouds
36,Kapaa,US,22.0752,-159.319,80.58,76,20,14.97,few clouds
37,Hobart,AU,-42.8794,147.3294,60.06,75,75,11.5,broken clouds
38,Mataura,NZ,-46.1927,168.8643,56.53,53,100,5.68,overcast clouds
39,Avarua,CK,-21.2078,-159.775,84.25,74,0,9.22,clear sky
40,Bredasdorp,ZA,-34.5322,20.0403,62.85,64,100,4.41,overcast clouds
41,Yellowknife,CA,62.456,-114.3525,11.41,83,100,16.53,overcast clouds
42,Brandon,US,27.9378,-82.2859,79.36,80,100,9.22,overcast clouds
43,Barrow,US,71.2906,-156.7887,-7.58,71,0,19.57,haze
44,Fare,PF,-16.7,-151.0167,82.08,68,33,11.88,scattered clouds
45,Flinders,AU,-34.5833,150.8552,62.19,89,100,8.99,light rain
46,Tuktoyaktuk,CA,69.4541,-133.0374,-13.58,95,100,6.11,overcast clouds
47,Pangnirtung,CA,66.1451,-65.7125,14.07,89,100,5.64,overcast clouds
48,Finnsnes,NO,69.2296,17.9811,23.61,90,100,3.87,overcast clouds
49,Tonj,SS,7.2737,28.6822,82.42,31,6,2.24,clear sky
50,Faanui,PF,-16.4833,-151.75,82.08,67,28,12.84,scattered clouds
51,Katsuura,JP,35.1333,140.3,39.22,86,100,21.92,light rain
52,Zeya,RU,53.75,127.2667,31.19,65,100,3.06,overcast clouds
53,Sikonge,TZ,-5.6333,32.7667,62.55,92,95,4.05,overcast clouds
54,Port Alfred,ZA,-33.5906,26.891,63.18,95,100,5.01,overcast clouds
55,New Norfolk,AU,-42.7826,147.0587,59.72,59,98,3.0,overcast clouds
56,Kwinana,AU,-32.25,115.7667,80.89,65,9,11.14,clear sky
57,Mar Del Plata,AR,-38.0023,-57.5575,56.88,78,2,5.99,clear sky
58,Dudinka,RU,69.4058,86.1778,13.62,94,100,6.31,overcast clouds
59,Fram,PY,-26.9833,-55.8833,57.79,75,0,5.55,clear sky
60,Gravdal,NO,68.1214,13.5031,30.09,62,100,1.07,overcast clouds
61,Kristiinankaupunki,FI,62.2743,21.376,19.44,96,69,3.78,broken clouds
62,Izhma,RU,65.0083,53.9113,10.92,98,99,3.62,overcast clouds
63,Mumbwa,ZM,-14.9783,27.0619,60.51,94,0,4.0,clear sky
64,Norman Wells,CA,65.282,-126.8329,-7.71,88,100,10.65,overcast clouds
65,Kholmogory,RU,64.2229,41.656,12.22,96,97,5.1,overcast clouds
66,Bilibino,RU,68.0546,166.4372,-2.34,89,74,2.82,broken clouds
67,Westport,US,41.1415,-73.3579,60.62,95,100,27.63,overcast clouds
68,San Quintin,MX,30.4833,-115.95,59.97,73,21,16.55,few clouds
69,Sur,OM,22.5667,59.5289,81.25,38,0,5.55,clear sky
70,Grand-Santi,GF,4.25,-54.3833,71.71,99,95,2.33,overcast clouds
71,Maxixe,MZ,-23.8597,35.3472,74.23,85,0,5.59,clear sky
72,Magistralnyy,RU,56.1725,107.4458,34.7,87,100,6.69,overcast clouds
73,Chuy,UY,-33.6971,-53.4616,55.99,77,86,5.84,overcast clouds
74,Sebring,US,27.4956,-81.4409,80.31,67,40,8.05,scattered clouds
75,Tripoli,LY,32.8752,13.1875,66.07,42,0,17.47,clear sky
76,Hokitika,NZ,-42.7167,170.9667,70.75,50,100,3.27,overcast clouds
77,Hithadhoo,MV,-0.6,73.0833,82.45,69,6,5.32,clear sky
78,Husavik,IS,66.0449,-17.3389,32.58,98,100,2.84,light snow
79,San Isidro,PE,-12.1167,-77.05,77.02,63,0,11.5,clear sky
80,Arraial Do Cabo,BR,-22.9661,-42.0278,76.12,87,18,6.76,few clouds
81,Apatou,GF,5.155,-54.3472,72.64,94,100,1.68,overcast clouds
82,Bereda,ES,43.2686,-7.5406,40.41,93,43,4.76,scattered clouds
83,Thompson,CA,55.7435,-97.8558,30.25,92,100,4.74,overcast clouds
84,Bengkulu,ID,-3.8004,102.2655,78.15,69,9,2.15,clear sky
85,Qaanaaq,GL,77.484,-69.3632,24.01,72,100,3.11,overcast clouds
86,Dikson,RU,73.5069,80.5464,1.65,93,25,8.57,scattered clouds
87,Torbay,CA,47.6666,-52.7314,36.57,75,14,11.99,few clouds
88,Biak,ID,-0.9131,122.8766,81.7,68,86,1.03,overcast clouds
89,Ribeira Grande,PT,38.5167,-28.7,61.59,91,100,22.79,overcast clouds
90,Pali,IN,25.7667,73.3333,75.04,11,0,4.0,clear sky
91,Port Elizabeth,ZA,-33.918,25.5701,65.32,82,100,4.0,overcast clouds
92,Mildura,AU,-34.2,142.15,68.07,42,0,13.8,clear sky
93,Georgetown,MY,5.4112,100.3354,82.33,78,20,0.0,few clouds
94,Chokurdakh,RU,70.6333,147.9167,-12.41,96,61,2.93,broken clouds
95,Mount Gambier,AU,-37.8333,140.7667,65.32,44,0,11.92,clear sky
96,Yar-Sale,RU,66.8333,70.8333,12.11,83,100,15.59,overcast clouds
97,Bethel,US,41.3712,-73.414,61.65,90,100,17.27,mist
98,Lompoc,US,34.6391,-120.4579,65.12,85,100,19.57,mist
99,Maracacume,BR,-2.0428,-45.9592,73.22,98,100,2.15,overcast clouds
100,Krasnoselkup,RU,65.7,82.4667,11.35,91,98,16.04,overcast clouds
101,Amapa,BR,1.0,-52.0,71.15,100,100,1.72,overcast clouds
102,Aleksandrov Gay,RU,50.147,48.5704,46.04,77,65,10.8,broken clouds
103,Galveston,US,29.3669,-94.9669,71.71,62,0,6.91,clear sky
104,Waipawa,NZ,-41.4122,175.5153,59.4,93,100,6.87,overcast clouds
105,Kefamenanu,ID,-9.4467,124.4781,79.92,66,6,1.43,clear sky
106,Kaitangata,NZ,-46.2817,169.8464,54.45,54,100,7.07,overcast clouds
107,Rossland,CA,49.0831,-117.8022,42.62,60,16,3.89,few clouds
108,Tilichiki,RU,60.4667,166.1,6.17,76,94,10.92,overcast clouds
109,Mayo,US,38.8876,-76.5119,70.12,92,100,14.97,mist
110,Cape Coast,GH,5.1053,-1.2466,79.59,85,100,5.57,overcast clouds
111,Kruisfontein,ZA,-34.0033,24.7314,62.89,81,100,5.21,overcast clouds
112,Rio Grande,BR,-32.035,-52.0986,48.94,64,100,9.75,overcast clouds
113,Namibe,AO,-15.1961,12.1522,72.21,75,82,7.2,broken clouds
114,Albany,US,42.6001,-73.9662,56.95,93,100,4.9,moderate rain
115,Luganville,VU,-15.5333,167.1667,85.78,73,97,6.24,overcast clouds
116,Gorom-Gorom,BF,14.4439,-0.2361,83.25,4,11,5.97,few clouds
117,Muros,ES,42.7762,-9.0603,48.09,78,32,14.29,scattered clouds
118,Longyearbyen,SJ,78.2186,15.6401,8.44,61,20,20.71,few clouds
119,Beyneu,KZ,45.3167,55.2,46.89,56,0,5.3,clear sky
120,Benguela,AO,-12.5763,13.4055,76.57,88,87,1.14,light rain
121,Busselton,AU,-33.65,115.3333,74.07,68,64,13.29,broken clouds
122,Basoko,CD,1.2391,23.616,72.82,88,100,3.69,overcast clouds
123,Elko,US,41.0002,-115.5012,48.22,36,20,18.01,few clouds
124,Kieta,PG,-6.2167,155.6333,83.79,77,100,2.06,moderate rain
125,Sao Filipe,CV,14.8961,-24.4956,71.89,76,48,10.47,scattered clouds
126,Srednekolymsk,RU,67.45,153.6833,0.7,85,99,4.18,overcast clouds
127,Vostok,RU,46.4856,135.8833,21.83,81,100,11.3,light snow
128,Pisco,PE,-13.7,-76.2167,68.05,73,0,10.36,clear sky
129,Sechura,PE,-5.5569,-80.8222,73.17,72,83,16.96,broken clouds
130,Mineiros,BR,-17.5694,-52.5511,69.62,87,83,3.78,light rain
131,Jadu,LY,31.953,12.0261,59.61,27,0,12.35,clear sky
132,Bahjoi,IN,28.4,78.6167,73.81,16,0,4.76,clear sky
133,Geraldton,AU,-28.7667,114.6,75.61,78,100,16.11,overcast clouds
134,Severo-Kurilsk,RU,50.6789,156.125,29.44,77,88,17.72,overcast clouds
135,Santa Barbara,US,34.7333,-120.0343,59.34,79,0,16.11,haze
136,Cidreira,BR,-30.1811,-50.2056,60.04,69,77,4.36,broken clouds
137,Pouembout,NC,-21.1333,164.9,85.1,73,52,2.42,broken clouds
138,Hasaki,JP,35.7333,140.8333,43.29,75,100,21.9,overcast clouds
139,Agadez,NE,19.75,10.25,74.89,4,0,7.9,clear sky
140,Sabha,LY,27.0377,14.4283,73.89,18,100,10.49,overcast clouds
141,Bathsheba,BB,13.2167,-59.5167,77.61,78,75,27.63,broken clouds
142,Cape Town,ZA,-33.9258,18.4232,62.11,73,3,8.01,clear sky
143,Gamba,GA,-2.65,10.0,76.55,92,100,5.46,overcast clouds
144,Buala,SB,-8.145,159.5921,82.27,82,81,6.87,moderate rain
145,Rawson,AR,-43.3002,-65.1023,61.07,51,100,9.48,overcast clouds
146,Ndele,CF,8.4109,20.6473,76.57,19,0,4.0,clear sky
147,Zavallya,UA,48.2135,30.0156,52.48,76,100,11.86,overcast clouds
148,Madawaska,US,47.3561,-68.3288,36.7,93,100,12.66,fog
149,El Tigre,VE,8.8875,-64.2454,79.59,64,83,15.3,broken clouds
150,Cabo San Lucas,MX,22.8909,-109.9124,79.61,41,20,10.36,few clouds
151,Talcahuano,CL,-36.7167,-73.1167,55.08,71,0,9.22,clear sky
152,Namatanai,PG,-3.6667,152.4333,85.53,68,97,11.03,overcast clouds
153,Miri,MY,4.4148,114.0089,80.51,79,98,4.68,overcast clouds
154,Kvarkeno,RU,52.0833,59.725,32.32,88,100,9.44,overcast clouds
155,Eirunepe,BR,-6.6603,-69.8736,74.3,98,100,2.73,overcast clouds
156,Petropavlovsk-Kamchatskiy,RU,53.0452,158.6483,34.39,51,75,6.71,broken clouds
157,Atocha,BO,-20.9333,-66.2333,53.91,35,0,5.64,clear sky
158,Baykit,RU,61.67,96.37,19.53,87,100,5.48,overcast clouds
159,North Bend,US,43.4065,-124.2243,57.24,78,0,20.71,clear sky
160,Coquimbo,CL,-29.9533,-71.3436,56.93,88,0,3.44,clear sky
161,Beloha,MG,-25.1667,45.05,68.02,85,0,8.28,clear sky
162,Ketchikan,US,55.3422,-131.6461,44.58,81,75,11.5,broken clouds
163,Esperance,AU,-33.8667,121.9,69.62,61,88,17.81,overcast clouds
164,Port Hardy,CA,50.6996,-127.4199,44.65,77,99,1.9,overcast clouds
165,Calvinia,ZA,-31.4707,19.776,59.49,45,0,4.14,clear sky
166,Vila Velha,BR,-20.3297,-40.2925,80.55,87,75,4.0,broken clouds
167,Egvekinot,RU,66.3167,-179.1667,12.15,81,98,15.17,overcast clouds
168,Chiredzi,ZW,-21.05,31.6667,66.2,79,0,0.29,clear sky
169,Igarka,RU,67.4667,86.5833,10.0,93,100,9.86,overcast clouds
170,Baiyin,CN,36.5583,104.2081,42.53,27,100,8.61,overcast clouds
171,West Lafayette,US,40.4259,-86.9081,38.1,88,100,9.22,overcast clouds
172,Hay River,CA,60.8156,-115.7999,13.96,79,75,17.27,light snow
173,Mbaiki,CF,3.8678,17.9892,77.13,62,100,2.95,overcast clouds
174,Aguimes,ES,27.9054,-15.4461,61.43,72,75,15.01,broken clouds
175,Lavrentiya,RU,65.5833,-171.0,19.08,75,100,11.9,overcast clouds
176,Palmer,US,42.1584,-72.3287,61.39,85,100,17.27,moderate rain
177,Tuding,PH,16.4103,120.6442,76.5,52,100,2.06,overcast clouds
178,Nakamura,JP,32.9833,132.9333,56.52,60,54,5.1,broken clouds
179,Yerbogachen,RU,61.2767,108.0108,31.15,91,100,11.61,light snow
180,Hamilton,US,39.1834,-84.5333,41.76,86,100,11.5,overcast clouds
181,Bonthe,SL,7.5264,-12.505,78.46,92,85,5.82,overcast clouds
182,Marovoay,MG,-16.1,46.6333,71.87,84,99,6.78,overcast clouds
183,Naze,JP,28.3667,129.4833,62.4,69,98,17.74,overcast clouds
184,Rajanpur,PK,29.1035,70.325,74.66,12,0,4.41,clear sky
185,Cianorte,BR,-23.6633,-52.605,63.21,97,100,6.24,overcast clouds
186,Vestmannaeyjar,IS,63.4427,-20.2734,40.05,67,100,5.37,overcast clouds
187,Orumiyeh,IR,37.5527,45.0761,38.75,52,0,4.61,clear sky
188,Ugoofaaru,MV,5.6667,73.0,82.9,72,14,4.41,few clouds
189,Jumla,NP,29.2747,82.1838,48.63,46,0,4.85,clear sky
190,Codrington,AU,-38.2667,141.9667,63.93,53,97,15.23,overcast clouds
191,Tevaitoa,PF,-16.7833,-151.5,81.9,70,79,12.64,broken clouds
192,Khandyga,RU,62.6667,135.6,6.76,91,100,0.65,overcast clouds
193,Rocha,UY,-34.4833,-54.3333,54.23,77,94,4.16,overcast clouds
194,Ostrovnoy,RU,68.0531,39.5131,21.04,82,100,12.46,overcast clouds
195,Paita,PE,-5.0892,-81.1144,73.96,75,52,14.9,broken clouds
196,Noumea,NC,-22.2763,166.4572,84.99,99,43,6.02,scattered clouds
197,Dingle,PH,10.9995,122.6711,84.54,68,61,10.71,broken clouds
198,Iqaluit,CA,63.7506,-68.5145,24.53,100,100,11.5,light snow
199,Yamada,JP,39.4667,141.95,41.47,43,100,12.44,overcast clouds
200,Ruteng,ID,-8.6136,120.4721,72.12,70,12,0.69,few clouds
201,Yambio,SS,4.5721,28.3955,72.41,63,17,4.16,few clouds
202,Karpogory,RU,64.0019,44.4451,7.27,98,94,4.85,overcast clouds
203,Bardiyah,LY,31.7561,25.0865,67.96,30,100,14.85,overcast clouds
204,Alofi,NU,-19.0595,-169.9187,81.36,74,100,6.38,overcast clouds
205,Dire,ML,12.2833,-10.9667,86.47,24,36,2.89,scattered clouds
206,La Asuncion,VE,11.0333,-63.8628,76.66,84,100,15.5,overcast clouds
207,Victoria,HK,22.2855,114.1577,68.38,91,100,11.01,overcast clouds
208,Ondo,NG,7.1,4.8333,75.25,98,77,2.57,broken clouds
209,Nyurba,RU,63.2842,118.3319,30.45,88,87,9.89,overcast clouds
210,Kerema,PG,-7.9631,145.7785,80.65,82,98,8.41,light rain
211,Nanakuli,US,21.3906,-158.1547,84.15,58,75,10.36,light rain
212,North Myrtle Beach,US,33.816,-78.68,72.12,91,100,27.63,overcast clouds
213,Emerald,AU,-23.5333,148.1667,83.34,46,0,6.02,clear sky
214,Mokshan,RU,53.4365,44.6132,37.18,100,100,3.51,light rain
215,Isangel,VU,-19.55,169.2667,85.19,74,100,7.02,overcast clouds
216,Pevek,RU,69.7008,170.3133,-12.21,92,58,4.23,broken clouds
217,Kodiak,US,57.79,-152.4072,40.51,93,100,25.32,light rain
218,Sinnamary,GF,5.3833,-52.95,77.31,81,98,8.57,moderate rain
219,Ondjiva,AO,-17.0667,15.7333,66.72,91,100,5.37,light rain
220,Luorong,CN,24.4058,109.6086,60.93,71,69,17.56,broken clouds
221,Tagusao,PH,9.1924,117.8141,83.59,66,14,0.89,few clouds
222,East London,ZA,-33.0153,27.9116,66.79,93,100,9.13,light rain
223,San Andres,CO,12.5847,-81.7006,80.62,78,20,8.05,few clouds
224,Qui Nhon,VN,13.7667,109.2333,77.36,87,93,2.64,overcast clouds
225,Chara,RU,56.9064,118.2631,19.04,70,16,2.35,few clouds
226,Hualmay,PE,-11.0964,-77.6139,69.46,85,100,8.23,overcast clouds
227,Te Anau,NZ,-45.4167,167.7167,55.92,62,95,1.34,overcast clouds
228,Hambantota,LK,6.1241,81.1185,78.04,83,25,1.25,scattered clouds
229,Homer,US,59.6425,-151.5483,42.69,70,100,9.22,overcast clouds
230,Talnakh,RU,69.4865,88.3972,13.21,96,100,5.82,light snow
231,Bontang,ID,0.1333,117.5,82.47,74,100,3.29,light rain
232,Caraz,PE,-9.0486,-77.81,62.8,92,100,3.74,light rain
233,Sao Joao Da Barra,BR,-21.6403,-41.0511,75.4,89,36,8.23,scattered clouds
234,Padang,ID,-0.9492,100.3543,79.97,58,49,1.9,scattered clouds
235,Kastamonu,TR,41.5,33.6667,48.42,63,100,4.47,overcast clouds
236,Lorengau,PG,-2.0226,147.2712,85.53,69,55,15.55,broken clouds
237,Maceio,BR,-9.6658,-35.7353,74.64,94,40,3.44,scattered clouds
238,Vardo,NO,70.3705,31.1107,26.74,70,100,11.1,overcast clouds
239,Souillac,MU,-20.5167,57.5167,76.82,81,100,19.93,light rain
240,Carlisle,US,40.2015,-77.1889,60.44,90,98,10.6,overcast clouds
241,Mahebourg,MU,-20.4081,57.7,78.26,78,94,20.8,light rain
242,Wewak,PG,-3.5534,143.6268,79.92,85,100,8.55,moderate rain
243,Chapais,CA,49.7834,-74.8492,37.18,100,100,13.29,overcast clouds
244,Bethanien,NA,-26.502,17.1583,66.13,49,0,4.07,clear sky
245,Faya,SA,18.3851,42.4509,54.12,20,0,4.94,clear sky
246,Toora-Khem,RU,52.4675,96.11,22.42,81,70,2.71,broken clouds
247,Kavaratti,IN,10.5669,72.642,83.01,75,81,6.78,broken clouds
248,Plerin,FR,48.5425,-2.7798,41.45,64,75,16.11,broken clouds
249,Cayenne,GF,4.9333,-52.3333,81.09,1,75,8.05,light rain
250,Alzamay,RU,55.5562,98.6644,35.37,78,100,4.14,overcast clouds
251,Atambua,ID,-9.1061,124.8925,80.1,67,5,0.49,clear sky
252,Brownsville,US,25.9018,-97.4975,72.09,79,0,12.66,clear sky
253,Touros,BR,-5.1989,-35.4608,80.35,79,100,11.48,overcast clouds
254,Eenhana,NA,-17.4667,16.3333,65.98,93,100,6.29,overcast clouds
255,Holetown,BB,13.1867,-59.6381,77.56,76,100,20.76,overcast clouds
256,Nuuk,GL,64.1835,-51.7216,29.01,100,20,9.22,few clouds
257,Itu,BR,-23.2642,-47.2992,68.92,88,100,13.13,light rain
258,Hohhot,CN,40.8106,111.6522,41.36,26,83,2.68,broken clouds
259,Verkhnyaya Toyma,RU,62.2349,44.9985,2.89,100,96,1.88,overcast clouds
260,Guozhen,CN,34.3659,107.359,58.03,35,22,1.05,few clouds
261,Doha,QA,25.2867,51.5333,69.78,37,0,2.3,clear sky
262,Broome,US,42.2506,-75.833,57.02,81,100,5.75,overcast clouds
263,Ilulissat,GL,69.2167,-51.1,17.62,93,100,2.3,overcast clouds
264,Tazovskiy,RU,67.4667,78.7,13.89,92,100,16.13,overcast clouds
265,Plettenberg Bay,ZA,-34.0527,23.3716,62.82,82,100,0.81,overcast clouds
266,Mogzon,RU,51.7435,111.9606,26.53,71,18,6.53,few clouds
267,Dickinson,US,29.4608,-95.0513,73.13,52,0,3.44,clear sky
268,Leningradskiy,RU,69.3833,178.4167,7.74,90,100,5.3,overcast clouds
269,Lincoln,US,40.8,-96.667,46.17,37,0,5.75,clear sky
270,Fairview,US,40.8126,-73.999,66.02,82,100,23.02,overcast clouds
271,Mao,ES,39.8885,4.2658,52.36,93,0,6.91,clear sky
272,Manokwari,ID,-0.8667,134.0833,81.95,72,96,0.78,overcast clouds
273,Klaksvik,FO,62.2266,-6.589,36.52,66,99,10.67,overcast clouds
274,Yagodnoye,RU,62.55,149.6667,6.15,83,100,4.76,overcast clouds
275,Atuona,PF,-9.8,-139.0333,78.84,75,79,8.23,broken clouds
276,Kahului,US,20.8947,-156.47,82.42,71,40,20.71,scattered clouds
277,Senno,RU,59.5336,33.9167,4.26,97,20,3.24,few clouds
278,Novyy Rogachik,RU,48.6768,44.0608,52.7,63,100,12.55,overcast clouds
279,Mesaria,GR,36.3985,25.4459,63.86,74,100,33.46,overcast clouds
280,San Pedro,PH,14.35,121.0167,88.32,65,100,11.27,overcast clouds
281,Gazli,UZ,40.1333,63.45,55.96,35,78,4.61,broken clouds
282,Fortuna,US,40.5982,-124.1573,53.94,72,20,16.11,few clouds
283,Oga,IT,46.4631,10.347,38.8,97,100,4.61,snow
284,Rawah,IQ,34.4816,41.9093,64.72,33,8,9.48,clear sky
285,Fairbanks,US,64.8378,-147.7164,29.3,28,0,12.66,clear sky
286,Meulaboh,ID,4.1363,96.1285,78.35,81,60,2.44,broken clouds
287,Cherskiy,RU,68.75,161.3,-7.1,92,94,5.99,overcast clouds
288,Amga,RU,60.8953,131.9608,16.81,88,98,2.1,overcast clouds
289,Nogliki,RU,51.8333,143.1667,26.58,59,1,9.55,clear sky
290,Vanimo,PG,-2.6741,141.3028,84.09,69,100,4.81,overcast clouds
291,Tasiilaq,GL,65.6145,-37.6368,33.96,98,100,4.94,overcast clouds
292,Chipinge,ZW,-20.1883,32.6236,58.96,93,0,3.74,clear sky
293,Puerto Colombia,CO,10.9878,-74.9547,78.89,84,71,21.14,broken clouds
294,Gisborne,NZ,-38.6533,178.0042,67.77,73,100,9.69,overcast clouds
295,Bull Savanna,JM,17.8868,-77.5902,74.95,82,19,12.73,few clouds
296,Tucuman,AR,-26.8241,-65.2226,55.4,82,75,3.44,broken clouds
297,Jerome,US,42.7241,-114.5186,47.84,34,0,26.46,clear sky
298,Paracuru,BR,-3.41,-39.0306,81.1,86,98,3.53,overcast clouds
299,Corrente,BR,-3.7367,-43.3394,72.59,98,100,1.25,moderate rain
300,Tierranueva,MX,21.6833,-100.5667,66.83,32,42,12.21,scattered clouds
301,Nichinan,JP,31.6,131.3667,55.69,69,99,19.55,overcast clouds
302,Thaton,MM,16.9206,97.3714,81.27,76,16,3.44,few clouds
303,Camana,PE,-16.6228,-72.7111,69.46,79,70,6.06,broken clouds
304,Muisne,EC,0.6,-80.0333,77.14,87,67,5.08,broken clouds
305,Voh,NC,-20.9667,164.7,85.21,73,80,4.32,broken clouds
306,Chicama,PE,-7.8447,-79.1469,64.94,78,49,6.87,scattered clouds
307,Upernavik,GL,72.7868,-56.1549,11.05,97,100,9.4,overcast clouds
308,Veraval,IN,20.9,70.3667,74.7,75,0,5.01,clear sky
309,Novikovo,RU,51.1537,37.8879,46.98,88,100,7.14,overcast clouds
310,Comodoro Rivadavia,AR,-45.8667,-67.5,51.66,50,0,3.44,clear sky
311,Mount Darwin,ZW,-16.7725,31.5838,60.89,95,7,2.62,clear sky
312,Castro,BR,-24.7911,-50.0119,54.64,98,100,9.15,overcast clouds
313,Ahipara,NZ,-35.1667,173.1667,71.71,66,100,2.44,overcast clouds
314,Urengoy,RU,65.9667,78.3667,14.94,89,100,16.42,overcast clouds
315,Kiama,AU,-34.6833,150.8667,63.0,92,100,8.01,light rain
316,Pacific Grove,US,36.6177,-121.9166,66.54,77,40,8.05,scattered clouds
317,Seymchan,RU,62.8833,152.4333,8.64,73,99,10.22,overcast clouds
318,Luderitz,NA,-26.6481,15.1594,60.04,77,0,16.6,clear sky
319,Lagos,NG,6.5833,3.75,81.3,84,87,5.75,overcast clouds
320,Margate,GB,51.3813,1.3862,37.69,77,100,24.0,overcast clouds
321,Saint-Pierre,RE,-21.3393,55.4781,76.91,79,75,12.66,broken clouds
322,Cedar City,US,37.6775,-113.0619,53.4,50,40,12.66,scattered clouds
323,Sabancuy,MX,18.9667,-91.1833,79.52,78,7,8.95,clear sky
324,Timmins,CA,48.4669,-81.3331,22.82,86,100,13.8,overcast clouds
325,Roald,NO,62.5833,6.1333,34.75,100,75,4.61,broken clouds
326,Ferkessedougou,CI,9.6,-5.2,82.58,57,10,9.04,clear sky
327,Marsh Harbour,BS,26.5412,-77.0636,76.26,75,60,18.39,broken clouds
328,Sorland,NO,67.667,12.6934,32.86,54,100,2.46,overcast clouds
329,Secunda,ZA,-26.55,29.1667,54.3,94,0,4.83,clear sky
330,Kinablangan,PH,7.6947,126.5503,82.4,74,99,5.17,overcast clouds
331,Grindavik,IS,63.8424,-22.4338,37.87,87,75,5.75,broken clouds
332,Kavieng,PG,-2.5744,150.7967,82.83,76,82,7.85,light rain
333,Severo-Yeniseyskiy,RU,60.3725,93.0408,22.96,96,100,4.18,light snow
334,Kloulklubed,PW,7.0419,134.2556,79.3,73,99,7.61,overcast clouds
335,Samfya,ZM,-11.3649,29.5565,63.97,95,88,6.82,light rain
336,Shirokiy,RU,49.758,129.523,26.47,85,14,5.86,few clouds
337,Lakes Entrance,AU,-37.8811,147.981,63.16,72,100,15.3,overcast clouds
338,Anadyr,RU,64.75,177.4833,21.0,79,100,33.55,overcast clouds
339,Malatya,TR,38.5,38.0,37.45,75,0,4.61,clear sky
340,Kostino,RU,58.9097,53.2691,12.79,94,100,3.56,overcast clouds
341,Ixtapa,MX,20.7,-105.2,72.63,68,40,12.66,scattered clouds
342,San Ramon,US,37.7799,-121.978,70.48,58,0,14.97,clear sky
343,Mehamn,NO,71.0357,27.8492,25.23,71,100,8.16,light snow
344,Itanhaem,BR,-24.1831,-46.7889,70.39,90,100,11.23,overcast clouds
345,Hutchinson,US,38.0608,-97.9298,44.55,53,0,4.61,clear sky
346,Port Macquarie,AU,-31.4333,152.9167,72.9,68,100,18.41,overcast clouds
347,Kemijarvi,FI,66.7131,27.4306,7.02,97,99,1.79,overcast clouds
348,Yulara,AU,-25.2406,130.9889,71.44,28,99,17.27,overcast clouds
349,Mwene-Ditu,CD,-7.0,23.45,65.55,97,64,2.98,broken clouds
350,Nurobod,UZ,40.9056,69.8023,52.93,34,96,7.11,overcast clouds
351,Deputatskiy,RU,69.3,139.9,-1.82,89,17,1.59,few clouds
352,Eden,US,36.4885,-79.7667,69.48,56,0,8.05,clear sky
353,Kristianstad,SE,56.0313,14.1524,26.35,80,30,4.61,scattered clouds
354,Dijkot,PK,31.2167,72.9833,70.14,11,0,5.5,clear sky
355,Keti Bandar,PK,24.1447,67.4497,78.01,56,0,6.69,clear sky
356,Bambous Virieux,MU,-20.3428,57.7575,78.22,78,90,20.49,light rain
357,Necochea,AR,-38.5473,-58.7368,51.78,67,0,1.63,clear sky
358,At-Bashi,KG,41.1702,75.8106,29.77,70,5,6.11,clear sky
359,Linguere,SN,15.3953,-15.1193,83.66,18,98,8.5,overcast clouds
360,Vao,NC,-22.6667,167.4833,78.64,87,66,16.06,broken clouds
361,Sitka,US,57.0531,-135.33,46.29,61,100,8.05,overcast clouds
362,Linxia,CN,35.6003,103.2064,42.4,39,10,3.83,clear sky
363,Dvinskoy,RU,62.1535,45.1175,2.75,100,85,2.1,overcast clouds
364,Birin,NP,26.8865,88.0718,59.83,85,56,3.56,broken clouds
365,Aklavik,CA,68.2191,-135.0107,-10.01,84,100,6.31,overcast clouds
366,Mangrol,IN,21.1167,70.1167,74.84,77,0,4.79,clear sky
367,Amuntai,ID,-2.4177,115.2494,84.04,71,38,1.92,scattered clouds
368,College,US,64.8569,-147.8028,29.28,28,0,12.66,clear sky
369,Priiskovyy,RU,51.9333,116.6333,27.95,63,0,3.33,clear sky
370,Port-Gentil,GA,-0.7193,8.7815,79.52,84,100,12.91,light rain
371,Koumac,NC,-20.5667,164.2833,83.07,75,97,5.44,overcast clouds
372,Karratha,AU,-20.7377,116.8463,87.3,60,38,9.28,scattered clouds
373,Zaysan,KZ,47.4667,84.8667,32.18,59,77,4.47,broken clouds
374,Canayan,PH,8.1956,125.1447,77.23,74,98,2.62,overcast clouds
375,Avera,US,33.194,-82.5271,71.11,60,81,13.13,broken clouds
376,Antalaha,MG,-14.9003,50.2788,73.56,90,100,6.4,light rain
377,San Gabriel,US,34.0961,-118.1058,64.04,74,100,5.75,overcast clouds
378,Rengasdengklok,ID,-6.1592,107.2981,78.93,74,99,3.38,light rain
379,Kamloops,CA,50.6665,-120.3192,51.75,47,68,1.01,broken clouds
380,Antsohihy,MG,-14.8796,47.9875,73.35,87,100,5.03,overcast clouds
381,Tromso,NO,69.6496,18.957,25.38,86,40,5.75,light snow
382,Caravelas,BR,-17.7125,-39.2481,76.57,87,4,5.53,clear sky
383,Paamiut,GL,61.994,-49.6678,30.83,98,94,6.15,overcast clouds
384,Qasigiannguit,GL,68.8193,-51.1922,17.85,95,86,3.02,overcast clouds
385,Neryungri,RU,56.6709,124.6491,25.07,86,99,5.06,overcast clouds
386,Praya,CV,14.9215,-23.5087,70.34,78,0,12.66,clear sky
387,Jaisalmer,IN,26.9147,70.9181,79.27,11,0,7.54,clear sky
388,Puerto Narino,CO,-3.7703,-70.3831,74.84,97,100,2.44,overcast clouds
389,Aksu,CN,41.1231,80.2644,48.09,50,92,6.67,overcast clouds
390,Carthage,TN,36.8611,10.3316,56.73,67,75,8.05,broken clouds
391,Corpus Christi,US,27.8006,-97.3964,68.02,69,75,13.8,broken clouds
392,Outlook,CA,51.5001,-107.0513,35.24,83,100,22.97,snow
393,Verkhnevilyuysk,RU,63.4453,120.3167,31.1,90,100,9.89,overcast clouds
394,Tura,IN,25.5198,90.2201,69.94,90,91,3.13,overcast clouds
395,Bilma,NE,18.6853,12.9164,72.48,5,1,5.08,clear sky
396,Mumford,GH,5.2618,-0.759,78.44,83,100,5.93,overcast clouds
397,Skagen,DK,57.7209,10.5839,38.07,54,16,12.17,few clouds
398,Victorville,US,34.5361,-117.2912,73.0,45,22,8.01,few clouds
399,Kismayo,SO,-0.3582,42.5454,80.55,80,100,11.77,overcast clouds
400,Nanortalik,GL,60.1432,-45.2371,34.83,85,100,6.13,overcast clouds
401,Dakar,SN,14.6937,-17.4441,70.68,81,0,14.09,clear sky
402,Gidam,IN,18.9833,81.4,72.45,73,10,1.74,clear sky
403,Axim,GH,4.8699,-2.2405,79.68,84,90,6.51,overcast clouds
404,Matara,LK,5.9485,80.5353,76.96,86,29,0.25,scattered clouds
405,Conde,BR,-7.2597,-34.9075,76.46,88,20,3.44,few clouds
406,Poum,NC,-20.2333,164.0167,80.98,78,92,1.77,overcast clouds
407,Taybad,IR,34.74,60.7756,56.44,26,0,6.6,clear sky
408,Korgen,NO,66.0771,13.8153,15.19,88,39,4.43,scattered clouds
409,Acarau,BR,-2.8856,-40.12,76.89,83,100,8.43,overcast clouds
410,Koslan,RU,63.4564,48.8989,17.15,95,99,6.15,overcast clouds
411,Hofn,IS,64.2539,-15.2082,38.73,64,100,1.43,overcast clouds
412,Tarauaca,BR,-8.1614,-70.7656,74.05,97,100,1.21,overcast clouds
413,Taltal,CL,-25.4,-70.4833,64.89,72,0,5.03,clear sky
414,Kanigoro,ID,-8.13,112.219,80.49,76,14,0.72,few clouds
415,Nikolskoye,RU,59.7035,30.7861,24.87,98,12,1.43,few clouds
416,Ulladulla,AU,-35.35,150.4667,60.76,85,100,23.26,light rain
417,Kutum,SD,14.2,24.6667,68.88,11,0,6.51,clear sky
418,Thanh Hoa,VN,19.8,105.7667,64.08,88,100,16.31,overcast clouds
419,Santa Catarina De Tepehuanes,MX,25.35,-105.7333,65.12,14,95,13.62,overcast clouds
420,Sorong,ID,-0.8833,131.25,82.42,73,100,1.9,light rain
421,Fort Nelson,CA,58.8053,-122.7002,25.52,88,100,4.88,overcast clouds
422,Brebes,ID,-6.8706,109.0369,77.54,78,100,4.63,overcast clouds
423,Acevedo,CO,1.8361,-75.855,63.91,97,98,1.16,overcast clouds
424,Montrose,US,38.4166,-108.2673,45.97,45,97,10.83,overcast clouds
425,Baie-Comeau,CA,49.2168,-68.1489,31.68,93,100,18.41,snow
426,Palana,RU,59.1167,159.9667,18.3,65,12,14.85,few clouds
427,Lerwick,GB,60.1545,-1.1494,33.8,65,27,13.4,scattered clouds
428,Pochutla,MX,15.7432,-96.4661,78.82,58,72,4.23,broken clouds
429,Novyy Urgal,RU,51.0736,132.5642,21.74,64,6,1.79,clear sky
430,Khani,GE,41.9563,42.9566,47.77,80,20,10.31,few clouds
431,Puerto Escondido,MX,15.85,-97.0667,79.63,73,40,0.0,scattered clouds
432,Talavera De La Reina,ES,39.9635,-4.8308,42.22,91,6,4.59,clear sky
433,Tautira,PF,-17.7333,-149.15,81.73,72,66,12.26,broken clouds
434,Follonica,IT,42.9263,10.7616,56.01,93,100,5.55,overcast clouds
435,Diu,IN,20.7141,70.9822,72.84,71,0,7.76,clear sky
436,Litovko,RU,49.2361,135.1742,26.33,82,96,6.11,overcast clouds
437,Ornskoldsvik,SE,63.2909,18.7153,16.75,92,34,4.61,scattered clouds
438,Havre-Saint-Pierre,CA,50.2334,-63.5986,31.33,94,100,8.08,overcast clouds
439,Carbondale,US,37.7273,-89.2168,41.0,80,100,10.36,overcast clouds
440,Ekhabi,RU,53.5102,142.9671,17.15,79,6,11.61,clear sky
441,Cedeno,CO,7.0464,-72.1634,75.56,77,98,4.56,overcast clouds
442,Hovd,MN,48.0056,91.6419,30.69,29,9,1.92,clear sky
443,Rozhyshche,UA,50.9154,25.2691,36.12,97,100,17.65,overcast clouds
444,Mount Isa,AU,-20.7333,139.5,82.17,23,0,12.66,clear sky
445,Yatou,CN,37.15,122.3833,46.02,43,87,12.91,overcast clouds
446,Shubarkuduk,KZ,49.1447,56.4872,30.54,86,9,4.68,clear sky
447,Teguldet,RU,57.3064,88.1667,35.2,81,94,14.83,overcast clouds
448,Ibadan,NG,7.3878,3.8964,78.35,87,90,4.16,light rain
449,Tuscaloosa,US,33.2098,-87.5692,57.22,67,0,0.0,clear sky
450,Tecoanapa,MX,16.5167,-98.75,76.91,61,100,5.99,overcast clouds
451,Heyang,CN,26.1011,107.473,47.16,88,100,9.66,overcast clouds
452,Nouadhibou,MR,20.931,-17.0347,63.66,82,0,22.24,clear sky
453,San Juan,AR,-31.5375,-68.5364,59.83,20,0,3.87,clear sky
454,Akniste,LV,56.1615,25.7478,24.89,58,100,4.83,overcast clouds
455,Richards Bay,ZA,-28.783,32.0377,69.73,93,0,6.67,clear sky
456,Shu,KZ,43.5983,73.7614,44.51,65,93,4.83,overcast clouds
457,Georgiyevka,KZ,43.0369,74.7114,39.24,100,9,6.71,mist
458,Portland,US,45.5234,-122.6762,55.63,62,75,9.22,broken clouds
459,Kimbe,PG,-5.5502,150.1429,83.62,78,70,3.24,light rain
460,Karaton,ID,-6.3424,106.1045,80.46,79,81,3.6,broken clouds
461,Porto Empedocle,IT,37.2934,13.5264,57.31,91,23,11.77,few clouds
462,Stillwater,US,36.1156,-97.0584,48.81,55,0,3.44,clear sky
463,Boa Vista,BR,2.8197,-60.6733,82.38,54,0,10.36,clear sky
464,Jibuti,DJ,11.5,42.5,69.13,76,0,6.89,clear sky
465,Bac Lieu,VN,9.285,105.7244,83.66,69,68,5.48,broken clouds
466,Ucluelet,CA,48.9329,-125.5528,49.08,78,32,1.01,scattered clouds
467,Laramie,US,41.3114,-105.5911,47.53,34,100,9.22,overcast clouds
468,Inhambane,MZ,-23.865,35.3833,75.38,82,0,6.67,clear sky
469,Melita,CA,49.2681,-100.9967,36.54,60,96,8.16,overcast clouds
470,San Fernando,PH,15.0286,120.6898,89.17,49,96,12.55,overcast clouds
471,Boguchany,RU,58.3814,97.4531,34.79,94,100,10.2,overcast clouds
472,Upington,ZA,-28.4478,21.2561,70.29,69,2,1.5,clear sky
473,Santa Helena De Goias,BR,-17.8136,-50.5969,74.1,69,7,2.82,clear sky
474,Itacoatiara,BR,-3.1431,-58.4442,73.36,98,93,2.44,overcast clouds
475,Dongsheng,CN,39.8161,109.9776,41.11,23,0,17.49,clear sky
476,Salalah,OM,17.0151,54.0924,75.29,35,0,2.3,clear sky
477,Harper,LR,4.375,-7.7169,79.47,87,12,3.65,light rain
478,Ishigaki,JP,24.3448,124.1572,68.29,82,100,29.95,overcast clouds
479,Hobyo,SO,5.3505,48.5268,81.18,77,16,11.86,few clouds
480,Korla,CN,41.7597,86.1469,47.35,41,5,1.92,clear sky
481,Leshukonskoye,RU,64.8989,45.7622,12.87,95,95,5.75,overcast clouds
482,Kasongo-Lunda,CD,-6.4667,16.8167,70.12,98,100,0.47,moderate rain
483,Ushtobe,KZ,45.2514,77.9838,44.22,47,60,5.95,broken clouds
484,Nisia Floresta,BR,-6.0911,-35.2086,79.61,81,99,7.45,light rain
485,Bemidji,US,47.4736,-94.8803,30.29,61,0,0.0,clear sky
486,Esteio,BR,-29.8614,-51.1792,61.38,71,0,2.3,clear sky
487,Haines Junction,CA,60.7522,-137.5108,34.14,68,99,5.86,overcast clouds
488,Lata,PT,40.1629,-8.3327,56.8,93,74,3.67,broken clouds
489,Maniitsoq,GL,65.4167,-52.9,21.51,84,21,2.42,few clouds
490,Cam Ranh,VN,11.9214,109.1591,75.16,100,75,3.44,moderate rain
491,Aleksandrovskoye,RU,44.7142,43.0008,47.25,64,20,4.23,few clouds
492,Plopsoru,RO,44.7833,23.35,53.78,86,100,6.15,light rain
493,Mayumba,GA,-3.432,10.6554,77.58,91,100,4.14,heavy intensity rain
494,Ajdabiya,LY,30.7554,20.2263,74.46,16,100,11.43,overcast clouds
495,Along,IN,28.1667,94.7667,66.4,98,100,1.05,overcast clouds
496,Vila Franca Do Campo,PT,37.7167,-25.4333,61.21,94,100,6.4,overcast clouds
497,Half Moon Bay,US,37.4636,-122.4286,67.87,72,0,17.27,haze
498,Ashtabula,US,41.7001,-80.7665,45.16,78,100,13.8,overcast clouds
499,Hami,CN,42.8,93.45,46.96,20,0,3.87,clear sky
500,Tank,PK,32.2217,70.3793,73.99,12,0,3.33,clear sky
501,Sioux Lookout,CA,50.1001,-91.917,17.89,94,87,2.95,overcast clouds
502,San Javier,ES,37.8063,-0.8374,57.96,60,0,8.05,light rain
503,Barma,SL,8.35,-11.3333,75.0,97,40,2.44,scattered clouds
504,Vila,PT,42.0304,-8.1588,39.7,83,59,6.51,broken clouds
505,Abu Dhabi,AE,24.4667,54.3667,71.96,82,0,6.58,clear sky
506,Goundam,ML,16.4145,-3.6708,81.54,11,48,10.42,scattered clouds
507,Guane,CU,22.2025,-84.0875,77.76,85,12,11.65,few clouds
508,Le Havre,FR,49.4938,0.1077,40.12,56,75,23.02,broken clouds
509,Standerton,ZA,-26.9337,29.2415,54.59,68,0,1.45,clear sky
510,Soyo,AO,-6.1349,12.3689,78.76,92,100,9.28,overcast clouds
511,Morehead,US,37.2711,-87.1764,43.99,90,100,3.44,drizzle
512,Ipixuna,BR,-1.7625,-48.8043,73.69,97,100,1.28,overcast clouds
513,Almaznyy,RU,48.0448,40.045,49.6,58,100,14.2,light rain
514,Gainesville,US,29.6516,-82.3248,66.9,88,0,10.36,clear sky
515,Champerico,GT,14.3,-91.9167,82.71,63,58,6.11,broken clouds
516,Moyale,KE,3.5167,39.0584,68.7,54,3,5.21,clear sky
517,Laguna,US,38.421,-121.4238,73.15,32,0,8.05,clear sky
518,Takhli,TH,15.2634,100.3438,84.94,55,93,14.88,overcast clouds
519,Mananara,MG,-16.1667,49.7667,70.9,98,100,3.02,heavy intensity rain
520,Cheremkhovo,RU,53.1561,103.0675,23.59,85,94,4.27,overcast clouds
521,Atagay,RU,55.1033,99.3875,32.76,75,100,5.26,overcast clouds
522,Makakilo City,US,21.3469,-158.0858,82.72,62,75,12.66,light rain
523,Seoul,KR,37.5683,126.9778,51.19,47,74,3.0,broken clouds
524,Mosquera,CO,4.7059,-74.2302,57.29,72,20,2.3,few clouds
525,Itarema,BR,-2.9248,-39.9167,75.76,86,100,7.7,overcast clouds
526,Bosaso,SO,11.2842,49.1816,78.91,73,0,4.99,clear sky
527,Ongandjera,NA,-17.8833,15.0667,70.12,79,87,5.66,light rain
528,Los Llanos De Aridane,ES,28.6585,-17.9182,60.55,82,75,10.36,broken clouds
529,Carutapera,BR,-1.195,-46.02,73.85,95,86,1.28,overcast clouds
530,Bayan,CN,46.0833,127.4,39.11,36,0,10.36,clear sky
531,Aviles,ES,43.5547,-5.9248,47.93,54,75,4.61,broken clouds
532,Huarmey,PE,-10.0681,-78.1522,70.16,85,99,8.57,overcast clouds
533,Kangaatsiaq,GL,68.3065,-53.4641,5.58,99,87,3.96,overcast clouds
534,Peniche,PT,39.3558,-9.3811,56.1,87,16,18.92,few clouds
535,Mecca,SA,21.4267,39.8261,77.02,33,0,3.78,clear sky
536,Havelock,US,34.8791,-76.9013,72.01,89,100,18.01,overcast clouds
537,Mokolo,CM,10.7398,13.8019,78.37,10,88,5.77,overcast clouds
538,Zhigansk,RU,66.7697,123.3711,13.44,92,100,20.92,light snow
539,Burns Lake,CA,54.2331,-125.7533,41.47,54,86,8.25,overcast clouds
540,Nhulunbuy,AU,-12.2333,136.7667,88.41,58,20,8.05,few clouds
541,Aginskoye,RU,51.1,114.53,34.72,41,8,17.96,clear sky
542,Thio,NC,-21.6167,166.2167,80.56,75,49,7.92,scattered clouds
543,Gataivai,WS,-13.7736,-172.388,83.23,72,40,17.27,scattered clouds
544,Cukai,MY,4.25,103.4167,79.79,84,9,2.53,clear sky
545,Paramonga,PE,-10.6667,-77.8333,69.71,86,95,6.89,overcast clouds
546,Senanga,ZM,-16.1167,23.2667,64.54,87,60,4.72,broken clouds
547,Beringovskiy,RU,63.05,179.3167,18.19,94,100,20.87,snow
548,Rehoboth,NA,-23.3167,17.0833,69.03,57,7,5.46,clear sky
549,Charters Towers,AU,-20.1,146.2667,87.26,29,0,4.83,clear sky
550,Waddan,LY,29.1614,16.139,73.42,22,100,9.84,overcast clouds
551,Tornio,FI,65.8481,24.1466,19.42,95,37,4.9,scattered clouds
552,Progreso,MX,21.2833,-89.6667,85.1,86,5,12.15,clear sky
553,Lagoa,PT,39.05,-27.9833,60.46,90,100,23.17,overcast clouds
554,Manta,EC,-0.95,-80.7333,76.78,94,0,3.44,clear sky
555,Rio Gallegos,AR,-51.6226,-69.2181,48.25,57,0,5.75,clear sky
556,Fomboni,KM,-12.28,43.7425,81.28,78,92,8.88,moderate rain
557,Presidente Epitacio,BR,-21.7633,-52.1156,64.62,95,94,10.36,overcast clouds
558,Sangar,RU,63.9242,127.4739,10.92,85,90,8.23,overcast clouds
559,Kirando,TZ,-7.4167,30.6,70.86,83,99,6.51,light rain
560,Tarsus,TR,36.9188,34.8784,52.18,47,98,6.13,overcast clouds
561,Waingapu,ID,-9.6567,120.2641,82.89,78,7,7.49,light rain
562,Chalus,IR,36.655,51.4204,58.48,66,0,3.13,clear sky
563,Takapau,NZ,-40.0333,176.35,64.72,78,100,5.1,overcast clouds
564,Korem,ET,12.5058,39.5228,51.64,45,11,4.45,few clouds
565,Nantucket,US,41.2835,-70.0995,57.25,92,40,26.46,mist
566,Prince Rupert,CA,54.3161,-130.3201,45.23,68,100,2.98,overcast clouds
567,Saint-Francois,FR,46.4154,3.9054,33.67,93,100,10.36,snow
568,Kuytun,RU,54.3419,101.5036,27.57,83,100,3.47,overcast clouds
569,Ronda,ES,36.7423,-5.1671,49.55,96,78,7.38,broken clouds
570,Pitimbu,BR,-7.4706,-34.8086,77.59,77,77,7.54,broken clouds
571,Moindou,NC,-21.6924,165.677,84.0,72,66,4.45,broken clouds
572,Tungi,BD,23.89,90.4058,78.8,69,75,11.5,haze
573,Kembe,CF,4.6228,21.8865,76.53,62,61,2.06,broken clouds
574,Udachnyy,RU,66.4167,112.4,25.45,92,100,8.37,light snow
575,Jiazi,CN,22.8779,116.067,62.62,76,100,25.1,overcast clouds
576,Puerto Gaitan,CO,4.3133,-72.0816,86.58,46,93,4.12,overcast clouds
577,Barentu,ER,15.1139,37.5928,73.42,33,3,6.46,clear sky
578,Aykhal,RU,66.0,111.5,20.71,94,100,10.33,light snow
579,Chirongui,YT,-12.9319,45.1483,80.53,75,62,9.33,moderate rain
580,Huilong,CN,31.8111,121.655,49.84,60,100,16.51,overcast clouds
581,Yinchuan,CN,38.4681,106.2731,48.76,19,16,7.45,few clouds
582,Zhezkazgan,KZ,47.8043,67.7144,40.3,61,100,5.44,overcast clouds
583,Potsdam,DE,52.3989,13.0657,39.34,56,100,8.99,overcast clouds
584,Edson,CA,53.5835,-116.4356,36.93,65,97,9.62,overcast clouds
585,Xining,CN,36.6167,101.7667,35.13,70,55,4.14,broken clouds
586,Pyinmana,MM,19.7333,96.2167,81.1,36,11,2.57,few clouds
587,Mantua,IT,45.1667,10.7833,49.24,90,100,1.01,overcast clouds
588,Solnechnyy,RU,50.7214,136.6319,25.83,62,76,6.49,broken clouds
589,Zakamensk,RU,50.3741,103.2863,26.69,68,4,2.95,clear sky
590,Christchurch,NZ,-43.5333,172.6333,58.95,86,100,10.36,overcast clouds
591,Ancud,CL,-41.8697,-73.8203,50.0,84,82,1.88,broken clouds
592,Tiznit,MA,29.5833,-9.5,54.52,82,10,2.73,clear sky
593,Iralaya,HN,15.0,-83.2333,79.36,80,6,11.74,clear sky
594,Orlik,RU,52.5178,99.825,10.36,84,100,2.8,overcast clouds
595,Olean,US,42.0776,-78.4297,48.78,87,100,5.75,overcast clouds
596,Rovaniemi,FI,66.5,25.7167,18.81,67,0,8.05,clear sky
597,Kyren,RU,51.6828,102.1408,28.44,67,66,1.34,broken clouds
598,Lanzhou,CN,36.0564,103.7922,44.8,27,95,6.08,overcast clouds
599,Sonamura,IN,23.4719,91.2664,78.8,86,44,8.08,scattered clouds
600,Paris,FR,48.8534,2.3488,37.9,75,75,13.8,broken clouds
601,Lago Da Pedra,BR,-4.3333,-45.1667,73.99,95,100,2.28,overcast clouds
602,Gemena,CD,3.25,19.7667,74.86,67,16,2.51,few clouds
603,Balgazyn,RU,51.0,95.2,25.11,74,100,2.06,overcast clouds
604,Kulhudhuffushi,MV,6.6221,73.07,83.14,73,51,5.82,broken clouds
605,Weligama,LK,5.9667,80.4167,77.02,86,26,0.98,scattered clouds
606,Praxedis Guerrero,MX,31.3667,-106.0167,70.65,17,34,6.51,scattered clouds
607,Saint Anthony,US,45.0205,-93.218,35.26,60,40,6.91,scattered clouds
608,Sharanga,RU,57.1775,46.5396,24.39,98,100,3.22,overcast clouds
609,Northallerton,GB,54.339,-1.4324,34.9,93,40,10.36,light snow
610,Dunedin,NZ,-45.8742,170.5036,56.8,49,100,4.03,overcast clouds
611,Tyup,KG,42.7276,78.3648,31.15,63,0,4.43,clear sky
612,Sovetskiy,RU,61.3614,63.5842,9.73,94,6,5.7,clear sky
613,Marawi,PH,7.9986,124.2928,75.0,82,100,0.69,overcast clouds
614,Inirida,CO,3.8653,-67.9239,76.73,79,75,1.97,broken clouds
615,Nipawin,CA,53.3668,-104.0009,37.44,81,100,13.8,overcast clouds
616,Narsaq,GL,60.9167,-46.05,48.42,77,100,3.83,overcast clouds
617,Olafsvik,IS,64.8945,-23.7142,39.16,82,100,6.71,overcast clouds
618,Coffs Harbour,AU,-30.3,153.1333,75.16,57,6,19.57,clear sky
619,Fukue,JP,32.6881,128.8419,53.53,60,100,27.38,overcast clouds
620,Evensk,RU,61.95,159.2333,17.42,67,38,9.22,scattered clouds
621,Novyye Burasy,RU,52.1324,46.0714,34.63,98,100,4.5,overcast clouds
622,Xacmaz,AZ,41.4635,48.806,47.97,61,1,2.82,clear sky
623,Richmond,US,37.5538,-77.4603,70.07,84,75,18.41,broken clouds
624,Prokuplje,RS,43.2342,21.5881,58.28,84,65,6.29,broken clouds
625,Carbonia,IT,39.1672,8.5222,52.45,85,100,8.48,overcast clouds
626,Myitkyina,MM,25.3833,97.4,75.07,70,9,3.76,clear sky
627,Praia,CV,14.9215,-23.5087,70.34,78,0,12.66,clear sky
628,Vanavara,RU,60.34,102.2797,27.88,71,100,13.6,overcast clouds
629,Fallon,US,39.4735,-118.7774,60.67,21,75,6.91,broken clouds
630,San Carlos De Bariloche,AR,-41.1456,-71.3082,53.2,51,100,3.11,overcast clouds
631,Puri,IN,19.8,85.85,82.92,86,63,17.78,broken clouds
632,Gizo,SB,-8.103,156.8419,85.05,68,100,8.08,overcast clouds
633,Dotnuva,LT,55.35,23.9,28.62,51,100,8.43,overcast clouds
634,Hervey Bay,AU,-25.2986,152.8535,78.03,68,75,7.0,broken clouds
635,Zyryanka,RU,65.75,150.85,3.25,87,91,8.5,overcast clouds
636,Ayagoz,KZ,47.9714,80.4392,17.06,84,100,6.02,overcast clouds
637,Mzimba,MW,-11.9,33.6,62.15,98,91,5.66,light rain
638,Dryden,CA,49.7833,-92.7503,19.51,93,20,2.84,few clouds
639,Ambon,ID,-3.6954,128.1814,91.54,62,20,4.61,few clouds
640,Poso,ID,-1.3959,120.7524,83.25,67,100,0.96,overcast clouds
641,Moron,AR,-34.6534,-58.6198,58.78,67,0,0.83,clear sky
642,Santiago,CL,-33.4569,-70.6483,70.99,32,0,6.91,clear sky
643,Blagoyevo,RU,63.3667,47.9167,8.33,96,54,4.81,broken clouds
644,Ambilobe,MG,-13.2,49.05,73.08,94,100,2.59,overcast clouds
645,Adrar,MR,20.5022,-10.0711,69.82,17,72,9.15,broken clouds
646,Djambala,CG,-2.5447,14.7533,71.65,79,92,2.28,overcast clouds
647,Broken Hill,AU,-31.95,141.4333,65.28,44,13,19.75,few clouds
648,Ialibu,PG,-6.2821,143.9935,59.86,94,100,2.19,overcast clouds
649,Oksfjord,NO,70.2396,22.3479,19.99,90,100,4.74,light snow
650,Petrolina,BR,-9.3986,-40.5008,77.05,69,40,2.3,light rain
651,Lazaro Cardenas,MX,17.9583,-102.2,74.73,71,100,6.78,overcast clouds
652,Luau,AO,-10.7073,22.2247,63.54,98,92,3.56,overcast clouds
653,Kamenka,RU,51.3223,42.7678,43.32,87,100,10.69,overcast clouds
654,Yashkino,RU,55.8736,85.4265,33.87,83,100,15.21,overcast clouds
655,Kapoeta,SS,4.7717,33.5903,82.38,44,6,16.98,clear sky
656,Trinidad,BO,-14.8333,-64.9,58.98,58,99,6.13,light rain
657,Summerside,CA,46.3959,-63.7876,40.68,95,100,12.33,overcast clouds
658,Anori,BR,-3.7728,-61.6442,74.35,98,100,3.11,overcast clouds
659,Galich,RU,58.3797,42.3475,9.9,97,51,2.71,broken clouds
660,Pathein,MM,16.7833,94.7333,80.17,78,9,6.58,clear sky
661,Yabrud,SY,33.9674,36.6574,50.68,33,92,5.5,overcast clouds
662,Norway,US,45.7869,-87.9037,29.03,82,100,9.22,haze
663,Nevsehir,TR,38.9167,34.6667,43.81,53,75,12.66,broken clouds
664,Eureka,US,40.8021,-124.1637,60.67,76,100,8.99,overcast clouds
665,Phenix City,US,32.471,-85.0008,64.98,52,0,9.22,clear sky
666,Cururupu,BR,-1.8283,-44.8683,73.04,98,100,0.34,overcast clouds
667,Coihaique,CL,-45.5752,-72.0662,52.41,87,75,4.61,broken clouds
668,Linjiang,CN,41.8069,126.9078,40.69,27,0,2.64,clear sky
669,Ulkan,RU,57.243,107.3223,35.29,93,100,11.77,overcast clouds
670,Buta,CD,2.7858,24.73,70.95,94,79,1.88,broken clouds
671,Kushmurun,KZ,52.4503,64.6311,32.83,88,100,8.57,overcast clouds
672,Pundaguitan,PH,6.3711,126.1689,81.57,76,79,4.56,broken clouds
673,Palatka,US,29.6486,-81.6376,68.45,86,100,8.93,light rain
674,Kaili,ID,-3.4626,120.2147,73.18,80,98,0.56,overcast clouds
675,Kalmar,SE,56.6616,16.3616,26.96,93,21,3.44,few clouds
676,Langham,CA,52.3668,-106.9679,34.02,97,100,21.3,light snow
677,Morondava,MG,-20.2833,44.2833,74.41,57,0,11.25,clear sky
678,Purnia,IN,25.7833,87.4667,76.3,80,4,13.6,clear sky
679,Bhaderwah,IN,32.9784,75.7186,51.1,38,0,3.09,clear sky
680,Saint-Georges,GD,12.0564,-61.7485,78.48,83,20,12.66,few clouds
681,Guiratinga,BR,-16.3494,-53.7583,65.21,97,100,5.97,overcast clouds
682,Omboue,GA,-1.5746,9.2618,75.58,95,100,8.12,light rain
683,Uchaly,RU,54.2996,59.4521,29.64,99,100,2.35,overcast clouds
684,Wahpeton,US,46.2652,-96.6059,29.91,86,0,0.0,clear sky
685,Oranjestad,AW,12.524,-70.027,80.55,74,20,21.85,few clouds
686,Strezhevoy,RU,60.7333,77.5889,2.46,100,65,4.72,broken clouds
687,Kalispell,US,48.1958,-114.3129,41.68,59,20,10.0,few clouds
688,Nacala,MZ,-14.5428,40.6728,72.91,93,23,4.7,light rain
689,Dubbo,AU,-32.25,148.6167,66.33,52,43,10.36,scattered clouds
690,Kaeo,NZ,-35.1,173.7833,72.9,61,100,4.05,overcast clouds
691,Stepnogorsk,KZ,52.3544,71.8869,26.83,85,100,9.55,overcast clouds
692,Bayir,TR,37.2687,28.2167,61.32,50,100,9.37,overcast clouds
693,Maridi,SS,4.9158,29.4742,73.51,59,71,3.69,broken clouds
694,Padra,IN,22.2333,73.0833,75.29,78,40,9.22,haze
695,Khash,IR,28.2211,61.2158,58.55,8,0,4.81,clear sky
696,Taoudenni,ML,22.6783,-3.9836,77.52,10,100,7.4,overcast clouds
697,Kenai,US,60.5544,-151.2583,46.02,67,100,20.71,overcast clouds
698,Mucurapo,TT,10.6667,-61.5333,78.26,85,100,9.31,overcast clouds
699,Arman,RU,59.7,150.1667,23.02,62,100,7.61,overcast clouds
700,Dorado,PR,18.4588,-66.2677,76.71,93,2,14.94,clear sky
701,Gambela,ET,8.25,34.5833,83.79,38,97,3.49,overcast clouds
702,Minab,IR,27.1467,57.0801,73.31,59,0,1.41,clear sky
703,Curanilahue,CL,-37.4667,-73.35,51.19,62,100,6.04,overcast clouds
704,Mazamari,PE,-11.3258,-74.5308,70.61,98,91,2.1,overcast clouds
